第,273,回,2026/4/4,パワー,4,ミート,7
第,274,回,2026/4/11,ピザ,13,ナン,14
第,275,回,2026/4/18,Tボーン,6,ロース,8
第,276,回,2026/4/25,盛り塩,14,肉ならべ,6
第,277,回,2026/5/2,サムスン,9,キア,8
第,278,回,2026/5/9,サッカー,11,野球,4
第,279,回,2026/5/16,ストライク,11,防御,8
第,280,回,2026/5/23,ヘンシェル,6,ポルシェ,7
第,281,回,2026/5/30,ざんるい,15,さんるい,13
第,282,回,2026/6/6,うんこ,6,チョコ,1
第,283,回,2026/6/13,リチャード,7,塩見,4
第,284,回,2026/6/20,海野,9,レイエス,4
第,285,回,2026/6/27,サマーセール,6,ウィンターセール,10
第,286,回,2026/7/4,カーボベルデ,0,日本,0
第,287,回,2026/7/11,De,8,YG,11
第,288,回,2026/7/18,スペイン,9,アルゼンチン,0
第,289,回,2026/7/25,貶める,9,称える,6
第,290,回,2026/8/1,オールパセリ,8,オールセサミ,4
第,291,回,2026/8/8,NPB,8,Jリーグ,2
第,292,回,2026/8/15,Bone,0,ShowGuts,4
第,293,回,2026/8/22,智弁高崎,7,智弁和歌山,0
第,294,回,2026/8/29,3Bases,4,3Swings,9
第,295,回,2026/9/5,,,,
第,296,回,2026/9/12,,,,
第,297,回,2026/9/19,,,,
第,298,回,2026/9/26,,,,
第,299,回,2026/10/3,,,,
第,300,回,2026/10/10,,,,
第,301,回,2026/10/17,,,,
第,302,回,2026/10/24,,,,
第,303,回,2026/10/31,,,,
第,304,回,2026/11/7,,,,
第,305,回,2026/11/14,,,,
第,306,回,2026/11/21,,,,
第,307,回,2026/11/28,,,,
第,308,回,2026/12/5,,,,
第,309,回,2026/12/12,,,,
第,310,回,2026/12/19,,,,
第,311,回,2026/12/26,,,,
第,312,回,2027/1/2,,,,
第,313,回,2027/1/9,,,,
第,314,回,2027/1/16,,,,
第,315,回,2027/1/23,,,,
第,316,回,2027/1/30,,,,
第,317,回,2027/2/6,,,,
第,318,回,2027/2/13,,,,
第,319,回,2027/2/20,,,,
第,320,回,2027/2/27,,,,
第,321,回,2027/3/6,,,,
第,322,回,2027/3/13,,,,
第,323,回,2027/3/20,,,,
第,324,回,2027/3/27,,,,